{
  "mean_l2_px": 117.50691214239275,
  "mean_pck_3px": 0.05387387388461345,
  "mean_pck_5px": 0.1214414415488372,
  "mean_pck_norm_005": 0.6481981986922187,
  "mean_pck_norm_010": 0.697477478046675,
  "bbox_map": 0.5267847180366516,
  "bbox_map_50": 0.7999249696731567
}