{
  "mean_l2_px": 7.138398764967919,
  "mean_pck_3px": 0.4087500025331974,
  "mean_pck_5px": 0.7164166687726975,
  "mean_pck_norm_005": 0.9917500000596047,
  "mean_pck_norm_010": 0.9922500000596046,
  "bbox_map": 0.9600974321365356,
  "bbox_map_50": 1.0
}